{
	"display": {
		"icon": {
			"id": "minecraft:barrel"
		},
		"title": {"translate":"Remote Shelter"},
		"description": {"translate":"Locate a Glacial Hut deep in a Glacial Chasm biome"},
		"announce_to_chat": true
	},
	"parent": "blazeandcave:adventure/totally_not_terraria",
	"rewards": {
		"function": "bc_rewards:adventure/remote_shelter"
	},		
	"criteria": {
		"glacial_hut": {
			"trigger": "minecraft:location",
			"conditions": {
				"player": [
					{
						"condition": "minecraft:entity_properties",
						"entity": "this",
						"predicate": {
							"location": {
								"structures": "terralith:glacial_hut"
							}
						}
					},
					{
						"condition": "minecraft:inverted",
						"term": {
							"condition": "minecraft:entity_properties",
							"entity": "this",
							"predicate": {
								"type_specific": {
									"type": "player",
									"gamemode": ["spectator"]
								}
							}
						}
					}
				]
			}
		}		
	}
}